Date,Open,High,Low,Close,Volume
12-Apr-01,7.94,8.50,7.58,8.48,33863000
11-Apr-01,8.50,8.62,7.60,7.93,34059600
10-Apr-01,8.02,8.46,7.58,8.01,39460200
9-Apr-01,7.91,8.04,7.47,7.82,18265800
6-Apr-01,7.62,7.91,7.12,7.41,29292800
5-Apr-01,7.56,7.94,7.31,7.62,50188400
4-Apr-01,5.94,6.66,5.88,6.25,29777000
3-Apr-01,6.78,6.84,5.66,5.69,29501400
2-Apr-01,7.69,7.88,6.72,7.00,18622200
30-Mar-01,7.50,8.22,7.19,7.88,19254800
29-Mar-01,7.44,7.62,7.12,7.50,17505400
28-Mar-01,7.69,7.72,7.25,7.47,17849000
27-Mar-01,7.22,7.88,7.12,7.78,20864400
26-Mar-01,7.56,7.56,7.09,7.09,12026000
23-Mar-01,7.69,7.79,6.97,7.22,17826200
22-Mar-01,7.03,7.47,6.77,7.44,19932800
21-Mar-01,6.97,7.25,6.75,6.84,14862400
20-Mar-01,7.62,7.81,6.88,6.97,22718800
19-Mar-01,7.03,7.56,6.84,7.47,16358200
16-Mar-01,7.31,7.53,6.75,6.78,23270600
15-Mar-01,7.94,8.06,7.47,7.50,16005200
14-Mar-01,7.69,8.00,7.47,7.66,20933200
13-Mar-01,8.38,8.60,7.81,8.03,28634400
12-Mar-01,8.12,8.75,8.05,8.19,32150800
9-Mar-01,8.60,8.66,8.22,8.50,27771200
8-Mar-01,8.53,8.94,8.12,8.84,17651200
7-Mar-01,10.98,11.00,10.41,10.50,4330400
6-Mar-01,11.75,12.22,11.12,11.19,20417200
5-Mar-01,11.25,11.44,10.84,11.09,17326400
2-Mar-01,11.46,11.88,10.81,10.84,20844400
1-Mar-01,11.78,12.25,11.09,12.22,20636600
28-Feb-01,11.84,12.56,11.53,11.91,20347000
27-Feb-01,12.56,12.81,11.69,11.72,19750400
26-Feb-01,12.94,12.97,11.72,12.88,24135400
23-Feb-01,12.09,12.75,11.44,12.72,27763200
22-Feb-01,13.28,13.88,11.81,12.00,45599600
21-Feb-01,13.09,14.12,12.94,13.06,23149800
20-Feb-01,14.47,14.94,13.06,13.28,25692800
16-Feb-01,14.66,15.00,13.88,14.09,18747200
15-Feb-01,14.50,16.25,14.50,15.66,40349600
14-Feb-01,13.72,14.47,12.88,14.25,21947400
13-Feb-01,14.47,14.88,13.50,13.56,21489000
12-Feb-01,14.16,15.00,13.84,14.25,17874800
9-Feb-01,15.03,15.25,13.88,13.97,22625600
8-Feb-01,16.84,16.94,14.94,15.09,27698800
7-Feb-01,17.56,17.84,16.31,16.72,19326000
6-Feb-01,17.59,18.25,17.06,18.19,20455000
5-Feb-01,16.34,18.00,16.03,17.53,21662600
2-Feb-01,18.25,18.31,16.38,16.50,21518400
1-Feb-01,18.75,19.09,17.53,18.03,19546200
31-Jan-01,19.91,20.53,18.50,18.66,21968200
30-Jan-01,20.56,20.88,18.88,19.84,18374400
29-Jan-01,18.88,20.19,18.88,19.94,18653600
26-Jan-01,18.81,19.31,18.06,18.84,24129400
25-Jan-01,20.94,21.41,19.28,19.59,43414600
24-Jan-01,19.19,21.69,19.00,21.44,56567600
23-Jan-01,17.22,19.50,17.09,19.48,34213600
22-Jan-01,16.62,17.88,16.28,17.34,25277600
19-Jan-01,18.00,18.03,16.28,16.91,39913600
18-Jan-01,15.53,17.38,14.84,17.22,56658400
17-Jan-01,14.31,15.88,13.97,15.12,65379200
16-Jan-01,13.50,14.22,13.31,13.69,31324400
12-Jan-01,13.03,13.44,12.53,13.28,49200600
11-Jan-01,12.20,13.31,12.06,12.94,28858600
10-Jan-01,14.66,16.19,13.94,15.25,40922600
9-Jan-01,13.25,15.28,13.00,15.06,42579400
8-Jan-01,13.69,14.56,12.69,13.59,25337400
5-Jan-01,14.69,15.69,13.94,14.25,26569000
4-Jan-01,14.93,16.09,14.72,14.78,34738800
3-Jan-01,13.88,16.28,12.99,15.47,48994600
2-Jan-01,15.12,15.19,13.75,14.09,20769600
29-Dec-00,15.16,15.59,14.78,15.03,19916200
28-Dec-00,14.72,15.88,14.56,15.50,24054400
27-Dec-00,15.44,15.75,14.56,14.88,21537000
26-Dec-00,16.00,17.00,15.06,15.59,36426200
22-Dec-00,13.22,15.06,13.03,14.78,27684400
21-Dec-00,13.38,14.12,12.53,12.81,27340400
20-Dec-00,12.91,14.19,12.75,13.97,42524400
19-Dec-00,15.28,15.98,13.69,14.00,35308600
18-Dec-00,16.94,17.00,15.12,16.00,31257800
15-Dec-00,16.00,17.00,15.53,16.50,38256800
14-Dec-00,17.66,17.95,15.78,16.00,20282600
13-Dec-00,19.16,19.31,17.12,17.44,33330400
12-Dec-00,16.62,19.75,16.47,17.91,78862600
11-Dec-00,16.78,18.53,15.31,16.94,70199400
8-Dec-00,18.56,18.56,16.06,17.47,47510200
7-Dec-00,18.03,18.88,15.75,17.47,54330800
6-Dec-00,20.81,21.47,18.53,18.75,31740600
5-Dec-00,19.84,22.00,19.66,21.94,30181000
4-Dec-00,19.22,19.69,18.09,18.97,29786800
1-Dec-00,19.41,20.56,18.19,19.47,39873600
30-Nov-00,18.84,20.38,17.59,19.81,33270000
29-Nov-00,18.57,19.62,17.84,19.53,34539600
28-Nov-00,19.97,20.25,17.88,18.48,28948200
27-Nov-00,21.87,22.50,19.97,20.06,24437000
24-Nov-00,20.12,21.12,19.69,20.44,19336800
22-Nov-00,20.19,21.50,19.00,19.09,42864400
21-Nov-00,23.38,24.00,20.28,20.84,48623200
20-Nov-00,25.19,25.69,23.94,24.44,18252200
17-Nov-00,26.10,27.75,25.00,25.62,20900400
16-Nov-00,27.50,28.25,26.26,26.47,13372000
15-Nov-00,29.12,30.00,27.38,28.56,15860800
14-Nov-00,28.84,29.88,27.75,29.72,13708200
13-Nov-00,27.41,29.56,26.00,27.66,19063000
10-Nov-00,28.91,30.88,28.00,28.22,19020600
9-Nov-00,30.43,31.44,28.25,29.41,26409600
8-Nov-00,34.62,35.31,32.38,32.50,15676800
7-Nov-00,32.97,34.62,31.81,34.25,13696000
6-Nov-00,35.12,35.22,32.69,32.81,14043000
3-Nov-00,34.72,35.28,33.31,34.38,20104000
2-Nov-00,33.25,34.62,32.12,33.72,28625200
1-Nov-00,28.89,33.50,28.50,32.18,34087600
31-Oct-00,26.84,30.00,26.25,29.31,22268200
30-Oct-00,26.91,27.81,25.50,26.31,16734400
27-Oct-00,28.56,29.22,26.59,27.62,14311000
26-Oct-00,28.38,28.50,25.44,28.00,19127400
25-Oct-00,30.44,30.90,27.05,27.78,19784200
24-Oct-00,30.72,32.12,29.00,29.31,23143600
23-Oct-00,30.12,31.05,29.53,29.81,15545000
20-Oct-00,29.69,31.88,28.34,29.50,25359800
19-Oct-00,28.69,30.97,26.84,29.78,34007000
18-Oct-00,23.22,27.12,22.53,26.38,59414000
17-Oct-00,27.97,28.06,23.72,24.47,58197400
16-Oct-00,30.38,30.81,27.50,27.62,30480600
13-Oct-00,27.59,30.19,27.38,30.00,55413600
12-Oct-00,33.34,33.38,27.72,28.31,62874400
11-Oct-00,36.34,38.16,31.78,32.69,91610200
10-Oct-00,43.69,44.38,40.25,41.34,33473600
9-Oct-00,40.78,43.75,37.75,42.88,25689600
6-Oct-00,42.75,43.00,39.72,40.62,23000400
5-Oct-00,44.25,45.31,41.75,42.34,19313200
4-Oct-00,42.22,44.38,41.25,43.97,18418200
3-Oct-00,43.75,45.38,41.31,42.00,25442400
2-Oct-00,45.78,45.94,42.06,43.03,24584000
29-Sep-00,48.56,48.62,45.00,45.50,13082000
28-Sep-00,45.69,48.50,44.97,47.84,27045200
27-Sep-00,51.38,51.62,44.00,45.19,59450600
26-Sep-00,53.00,53.03,50.25,51.22,13958000
25-Sep-00,55.17,56.19,52.53,52.75,9882400
22-Sep-00,51.94,56.00,51.94,55.72,11779600
21-Sep-00,54.43,56.06,52.12,54.06,8378200
20-Sep-00,54.62,56.22,53.81,54.84,16790400
19-Sep-00,52.75,54.12,52.56,54.03,9476800
18-Sep-00,52.09,53.75,51.19,52.53,11473000
15-Sep-00,53.50,53.75,52.19,52.94,12513000
14-Sep-00,53.91,54.69,53.00,53.47,10917800
13-Sep-00,52.78,54.09,52.25,53.19,10951800
12-Sep-00,54.41,55.12,52.50,53.50,12738000
11-Sep-00,51.62,54.69,51.44,53.16,17358800
8-Sep-00,53.59,54.69,49.88,52.06,36390000
7-Sep-00,55.28,57.38,53.00,53.47,35078200
6-Sep-00,58.69,58.88,51.75,56.03,17055000
5-Sep-00,55.94,59.62,55.19,58.56,27326600
1-Sep-00,58.94,58.97,55.06,56.97,35032000
31-Aug-00,61.81,62.00,60.38,60.75,10744400
30-Aug-00,60.84,62.25,60.26,61.62,14808000
29-Aug-00,60.51,62.12,60.00,60.50,26814600
28-Aug-00,0.00,64.25,60.31,61.03,38750200
25-Aug-00,69.41,69.91,66.44,67.12,13657800
24-Aug-00,66.69,70.00,66.06,69.91,19240200
23-Aug-00,62.88,67.19,62.47,66.91,14434000
22-Aug-00,64.50,65.22,63.16,63.75,18329000
21-Aug-00,62.34,65.28,61.62,65.22,15564000
18-Aug-00,65.19,65.69,62.47,62.59,14240600
17-Aug-00,66.66,67.06,64.53,65.56,10628000
16-Aug-00,67.25,69.00,66.75,67.00,11008600
15-Aug-00,65.59,67.62,65.56,66.16,6567800
14-Aug-00,64.62,66.88,64.09,66.19,8041000
11-Aug-00,64.12,64.88,62.69,64.31,7373000
10-Aug-00,66.28,66.91,64.16,64.66,6740200
9-Aug-00,68.19,68.75,66.00,66.34,8057000
8-Aug-00,67.59,69.00,66.53,67.06,8842600
7-Aug-00,66.73,68.88,65.38,68.25,9310200
4-Aug-00,66.38,68.50,65.62,66.97,10467200
3-Aug-00,62.44,66.00,61.75,65.59,11915600
2-Aug-00,0.00,66.53,63.38,63.56,9106400
1-Aug-00,64.25,65.00,63.00,63.72,8529400
31-Jul-00,63.09,64.97,61.38,64.34,10742600
28-Jul-00,67.34,68.38,63.00,63.38,13792400
27-Jul-00,67.09,68.31,65.66,67.03,11698800
26-Jul-00,68.16,69.62,66.84,67.97,10051400
25-Jul-00,67.03,69.69,65.19,69.00,12450800
24-Jul-00,68.44,69.62,66.12,66.28,12451000
21-Jul-00,69.06,70.38,68.78,69.16,10376600
20-Jul-00,67.00,71.34,66.75,69.91,18885000
19-Jul-00,65.03,69.00,65.00,67.00,20505800
18-Jul-00,64.69,66.69,63.56,64.97,14551600
17-Jul-00,63.38,66.75,62.53,65.81,15144200
14-Jul-00,62.31,64.25,60.12,64.00,17747200
13-Jul-00,62.78,63.56,60.76,61.28,20016400
12-Jul-00,60.25,63.69,58.44,62.47,73589600
11-Jul-00,52.47,57.55,49.94,52.75,55683000
10-Jul-00,56.91,57.00,54.50,55.00,22554200
7-Jul-00,58.53,59.25,57.50,58.25,24904400
6-Jul-00,60.69,62.09,59.25,61.19,11504800
5-Jul-00,63.00,63.94,60.12,60.41,8330800
3-Jul-00,61.25,64.12,61.06,63.94,4585000
30-Jun-00,59.41,62.25,59.38,61.94,8179600
29-Jun-00,61.28,63.00,59.22,59.66,11963400
28-Jun-00,62.66,63.81,58.50,61.78,12764400
27-Jun-00,59.44,64.44,59.38,62.97,20031400
26-Jun-00,62.25,62.44,58.56,59.66,23296800
23-Jun-00,64.62,65.00,61.12,62.66,17932200
22-Jun-00,70.94,71.06,65.81,65.84,16443200
21-Jun-00,71.16,72.78,70.25,71.41,15574400
20-Jun-00,70.19,75.00,70.16,74.00,20439200
19-Jun-00,70.00,70.31,67.97,69.53,14355000
16-Jun-00,69.94,70.62,67.75,70.47,12098800
15-Jun-00,69.12,70.88,67.41,69.84,10296000
14-Jun-00,70.03,70.75,68.56,69.75,8527600
13-Jun-00,68.34,70.94,65.62,69.75,14635800
12-Jun-00,72.50,72.75,68.38,68.72,11438600
9-Jun-00,73.28,73.38,71.12,71.59,8561400
8-Jun-00,73.44,73.88,70.25,72.00,17233600
7-Jun-00,69.25,73.00,67.75,72.25,20392800
6-Jun-00,67.88,71.09,66.91,67.53,13709600
5-Jun-00,65.44,70.97,65.25,68.66,17753400
2-Jun-00,64.93,67.44,63.66,67.25,21598000
1-Jun-00,58.09,61.00,57.81,60.03,16346600
31-May-00,56.88,58.66,56.41,56.53,27900000
30-May-00,57.84,60.00,57.25,58.50,16865200
26-May-00,57.25,58.06,55.50,56.03,12462000
25-May-00,60.75,61.81,56.50,57.50,18413800
24-May-00,58.75,62.00,56.00,61.38,22368800
23-May-00,62.62,63.69,58.50,59.16,17637400
22-May-00,60.06,64.00,56.62,63.12,31708200
19-May-00,65.69,67.34,60.00,60.16,27545200
18-May-00,68.75,68.78,65.00,66.00,14288200
17-May-00,66.25,69.97,65.94,68.91,20705000
16-May-00,66.69,69.12,65.00,67.81,20129800
15-May-00,62.56,65.19,60.32,65.00,10930000
12-May-00,63.25,67.50,62.44,62.84,14496800
11-May-00,60.91,63.00,59.75,62.66,14599600
10-May-00,57.66,61.25,56.25,59.45,18484000
9-May-00,60.75,61.12,57.50,58.72,13440200
8-May-00,61.47,62.75,60.25,60.38,7645600
5-May-00,61.00,64.00,61.00,62.84,8255200
4-May-00,62.25,63.50,60.53,62.09,12709000
3-May-00,60.16,62.38,58.03,61.03,14155800
2-May-00,64.56,65.75,60.66,61.28,13011600
1-May-00,67.38,68.00,63.47,65.44,13936000
28-Apr-00,63.38,65.94,62.75,65.12,14629600
27-Apr-00,57.25,63.38,56.50,62.16,19756600
26-Apr-00,62.25,63.44,59.12,59.56,16416400
25-Apr-00,59.38,63.50,59.38,62.25,24702400
24-Apr-00,57.50,59.56,53.50,56.94,21407600
20-Apr-00,63.25,64.56,59.75,61.56,12803200
19-Apr-00,64.69,67.25,61.00,62.94,18012200
18-Apr-00,58.47,64.00,57.75,63.34,24525000
17-Apr-00,55.62,61.47,54.00,57.19,43557200
14-Apr-00,65.12,67.62,55.50,58.00,37551200
13-Apr-00,68.48,74.06,67.16,68.06,27574600
12-Apr-00,68.31,71.47,65.25,68.09,29238400
11-Apr-00,69.78,71.25,66.25,66.75,28629400
10-Apr-00,76.44,76.50,70.50,70.97,24447000
7-Apr-00,78.38,80.00,75.25,75.56,24179200
6-Apr-00,80.97,85.62,75.34,77.00,55403800
5-Apr-00,81.00,87.00,78.58,82.78,25125600
4-Apr-00,82.50,85.50,66.38,83.69,42118600
3-Apr-00,84.38,86.50,79.50,80.06,18613200
31-Mar-00,87.62,88.62,80.25,85.69,20936800
30-Mar-00,86.25,93.53,80.12,84.75,31333600
29-Mar-00,96.72,98.25,87.00,88.53,21121000
28-Mar-00,98.50,100.38,96.00,97.50,12468800
27-Mar-00,97.81,102.59,97.50,100.38,17113000
24-Mar-00,96.75,100.50,94.00,97.00,14476800
23-Mar-00,96.69,101.50,95.25,95.50,14296400
22-Mar-00,94.72,102.81,94.25,98.59,31009000
21-Mar-00,86.50,96.62,84.28,95.88,24110400
20-Mar-00,86.09,87.69,82.62,86.01,10018200
17-Mar-00,84.56,88.47,84.50,85.56,10857200
16-Mar-00,79.59,86.50,78.03,85.09,16773800
15-Mar-00,84.38,84.50,77.56,79.25,17399200
14-Mar-00,89.25,91.77,83.69,84.38,15352600
13-Mar-00,84.06,90.25,84.00,87.91,11770200
10-Mar-00,90.59,91.50,87.81,89.03,10274000
9-Mar-00,87.62,92.50,86.00,91.62,16932200
8-Mar-00,87.31,90.50,82.50,88.50,17041200
7-Mar-00,87.44,90.19,84.00,85.69,16875400
6-Mar-00,0.00,88.50,81.37,85.78,25286400
3-Mar-00,0.00,81.50,75.50,79.00,14658400
2-Mar-00,0.00,79.50,76.00,77.47,11587800
1-Mar-00,0.00,81.50,77.50,79.25,11414800
29-Feb-00,82.22,84.94,77.75,79.84,13325000
28-Feb-00,80.74,82.38,76.06,80.97,18216400
25-Feb-00,82.81,85.16,80.16,82.59,10891000
24-Feb-00,83.24,85.81,79.62,84.03,16139200
23-Feb-00,76.81,85.00,76.50,83.10,20693800
22-Feb-00,78.44,78.50,74.47,76.91,17372600
18-Feb-00,80.62,81.59,77.50,78.06,14109600
17-Feb-00,82.94,84.00,80.50,81.59,12155000
16-Feb-00,84.12,85.00,80.00,80.78,12654400
15-Feb-00,83.19,86.62,78.00,85.00,20950800
14-Feb-00,86.75,86.88,81.88,82.88,14785800
11-Feb-00,90.97,91.25,85.38,85.67,18363600
10-Feb-00,90.62,91.62,88.48,91.25,17638800
9-Feb-00,92.50,94.31,90.03,90.58,23377600
8-Feb-00,89.75,94.95,89.62,94.06,29394400
7-Feb-00,88.51,90.75,86.75,88.50,20362800
4-Feb-00,91.12,93.12,86.75,88.38,33513600
3-Feb-00,83.71,90.31,83.50,90.06,38269600
2-Feb-00,80.37,84.25,79.25,82.00,26315200
1-Feb-00,79.86,82.44,77.70,79.34,24280000
31-Jan-00,77.50,80.63,75.75,80.52,35192400
28-Jan-00,83.39,85.75,77.41,78.38,36062800
27-Jan-00,83.11,84.89,81.28,84.34,18854000
26-Jan-00,85.12,85.87,81.59,82.14,19005200
25-Jan-00,81.75,86.75,79.06,86.39,34204000
24-Jan-00,88.48,90.12,81.00,81.08,24584800
21-Jan-00,88.62,90.00,87.00,87.98,17235600
20-Jan-00,92.27,92.98,87.25,87.98,31053200
19-Jan-00,84.00,91.84,84.00,91.00,31178400
18-Jan-00,85.44,87.50,83.75,85.30,29931600
14-Jan-00,88.75,90.75,85.50,88.25,48364400
13-Jan-00,91.62,94.34,84.50,86.72,66177200
12-Jan-00,97.47,98.50,89.00,89.39,73117200
11-Jan-00,105.97,106.56,98.00,99.34,73602400
10-Jan-00,108.12,112.81,102.50,109.02,60253600
7-Jan-00,91.69,102.00,90.75,101.81,48030400
6-Jan-00,101.56,103.25,89.50,92.05,70193600
5-Jan-00,107.62,107.78,100.50,102.62,82305600
4-Jan-00,116.12,125.03,110.25,110.75,68586400
3-Jan-00,110.73,118.97,107.38,118.75,37622400
31-Dec-99,0.00,110.38,102.52,108.17,9596400
30-Dec-99,0.00,112.00,103.00,104.02,24712800
29-Dec-99,0.00,102.50,98.50,100.92,11502800
28-Dec-99,0.00,105.00,97.38,97.56,20270800
27-Dec-99,0.00,107.02,94.47,103.75,37666400
23-Dec-99,0.00,106.56,100.00,100.66,18048400
22-Dec-99,0.00,105.30,98.69,104.69,34162800
21-Dec-99,0.00,102.08,91.20,101.39,39118000
20-Dec-99,0.00,92.50,86.50,92.38,26767200
17-Dec-99,0.00,88.03,84.25,87.50,19075200
16-Dec-99,0.00,86.00,83.09,85.25,19467200
15-Dec-99,0.00,83.69,78.88,81.88,32454000
14-Dec-99,0.00,88.77,82.50,83.25,28241200
13-Dec-99,0.00,89.06,86.12,87.77,22458400
10-Dec-99,0.00,89.38,83.56,88.25,37631200
9-Dec-99,0.00,85.31,78.02,85.00,45045200
8-Dec-99,0.00,82.33,77.75,79.91,98638800
7-Dec-99,0.00,88.25,71.53,86.75,3375200
6-Dec-99,0.00,70.50,62.67,70.19,63416800
3-Dec-99,0.00,64.69,62.23,63.23,39089600
2-Dec-99,0.00,62.50,56.94,61.44,38755200
1-Dec-99,0.00,58.50,56.23,57.25,51776800
30-Nov-99,0.00,55.91,52.62,52.92,20534800
29-Nov-99,0.00,58.62,56.22,56.53,18530400
26-Nov-99,0.00,58.81,57.19,57.19,6598000
24-Nov-99,0.00,58.25,56.31,57.75,22427200
23-Nov-99,0.00,57.31,54.50,55.30,25955600
22-Nov-99,0.00,57.50,54.50,57.38,19906000
19-Nov-99,0.00,54.80,52.50,54.67,16618000
18-Nov-99,0.00,53.88,50.75,53.56,15112400
17-Nov-99,0.00,53.00,51.22,51.53,16022000
16-Nov-99,0.00,53.23,50.92,53.12,22676800
15-Nov-99,0.00,51.88,48.84,51.23,22707600
12-Nov-99,0.00,49.72,47.56,49.22,17418000
11-Nov-99,0.00,50.75,48.06,48.22,15418000
10-Nov-99,0.00,50.59,48.31,49.42,26452400
9-Nov-99,0.00,49.88,48.06,48.64,29299600
8-Nov-99,0.00,49.91,45.47,49.36,37839200
5-Nov-99,0.00,46.62,45.75,45.86,19020400
4-Nov-99,0.00,46.38,45.33,45.52,22243600
3-Nov-99,0.00,45.59,44.66,45.22,17892000
2-Nov-99,0.00,45.38,44.22,44.50,16212000
1-Nov-99,0.00,45.75,44.50,45.17,22136000
29-Oct-99,0.00,45.00,44.25,44.77,29416400
28-Oct-99,0.00,44.88,43.19,43.75,29114800
27-Oct-99,0.00,44.41,43.00,43.55,14534000
26-Oct-99,0.00,45.03,43.50,44.80,12201600
25-Oct-99,0.00,45.06,44.06,44.69,15003200
22-Oct-99,0.00,45.95,44.31,44.53,20509200
21-Oct-99,0.00,45.72,44.06,45.48,38491600
20-Oct-99,0.00,45.12,43.34,45.04,29566000
19-Oct-99,0.00,44.19,43.41,43.72,35864000
18-Oct-99,0.00,43.19,41.12,42.59,33723200
15-Oct-99,0.00,43.19,41.33,42.39,44574800
14-Oct-99,0.00,43.48,41.84,43.34,42182000
13-Oct-99,0.00,44.25,41.81,41.89,45434800
12-Oct-99,0.00,45.48,43.00,43.47,45610000
11-Oct-99,0.00,47.00,45.00,45.34,70550400
8-Oct-99,0.00,48.09,46.27,48.03,37376000
7-Oct-99,0.00,48.27,45.50,47.56,99967200
6-Oct-99,0.00,44.23,42.89,43.94,35936800
5-Oct-99,0.00,44.45,41.94,43.33,52059200
4-Oct-99,0.00,44.62,41.66,42.80,34307600
1-Oct-99,0.00,45.00,43.16,43.86,24649600
30-Sep-99,0.00,45.36,43.69,44.88,23177200
29-Sep-99,0.00,46.75,44.67,44.83,26706800
28-Sep-99,0.00,46.47,43.81,46.17,32782800
27-Sep-99,0.00,46.84,44.58,45.34,38249600
24-Sep-99,0.00,46.25,43.33,45.83,56198800
23-Sep-99,0.00,46.61,42.81,43.44,66149600
22-Sep-99,0.00,45.00,42.16,44.88,47303200
21-Sep-99,0.00,43.75,41.08,42.39,43447600
20-Sep-99,0.00,42.19,41.00,42.09,20119200
17-Sep-99,0.00,41.66,40.27,40.78,19749200
16-Sep-99,0.00,40.97,39.33,40.86,25107600
15-Sep-99,0.00,42.44,40.56,40.59,26733600
14-Sep-99,0.00,41.98,39.92,41.30,25118800
13-Sep-99,0.00,41.94,40.12,40.19,28528800
10-Sep-99,0.00,43.02,41.25,42.62,41136800
9-Sep-99,0.00,40.84,39.44,40.67,41085600
8-Sep-99,0.00,38.88,37.95,38.36,17770400
7-Sep-99,0.00,39.25,38.02,38.75,24487600
3-Sep-99,0.00,38.77,36.72,38.75,33058400
2-Sep-99,0.00,36.13,34.84,35.39,21893600
1-Sep-99,0.00,37.34,35.58,35.83,17968400
31-Aug-99,0.00,37.06,34.81,36.88,42269200
30-Aug-99,0.00,37.44,35.64,35.95,17180800
27-Aug-99,0.00,38.38,36.81,37.25,20173200
26-Aug-99,0.00,40.12,38.09,38.17,23622800
25-Aug-99,0.00,39.77,38.38,39.64,25079200
24-Aug-99,0.00,39.88,37.47,38.23,46899200
23-Aug-99,0.00,38.38,36.72,38.03,42149200
20-Aug-99,0.00,36.33,34.62,36.25,20088400
19-Aug-99,0.00,35.88,34.50,34.80,31132400
18-Aug-99,0.00,37.38,35.75,36.27,41484000
17-Aug-99,0.00,34.88,33.81,34.72,29506000
16-Aug-99,0.00,33.84,32.69,33.62,20746400
13-Aug-99,0.00,33.50,32.44,33.20,24479200
12-Aug-99,0.00,33.31,31.64,32.09,31801600
11-Aug-99,0.00,32.91,30.64,32.02,47122000
10-Aug-99,0.00,32.19,29.00,31.88,59743200
9-Aug-99,0.00,32.22,30.00,30.30,30960400
6-Aug-99,0.00,34.00,31.44,31.73,58418400
5-Aug-99,0.00,32.41,27.50,32.09,93202400
4-Aug-99,0.00,31.94,29.94,30.25,45749600
3-Aug-99,0.00,33.61,30.72,31.34,60894800
2-Aug-99,0.00,34.94,33.00,33.08,24567600
30-Jul-99,0.00,35.12,33.38,34.11,25168000
29-Jul-99,0.00,35.00,33.50,34.25,42600800
28-Jul-99,0.00,35.80,32.88,35.75,46896000
27-Jul-99,0.00,35.12,32.77,32.83,39418400
26-Jul-99,0.00,35.97,33.00,33.58,41943200
23-Jul-99,0.00,37.03,35.89,36.44,19176400
22-Jul-99,0.00,37.88,35.77,36.28,39326000
21-Jul-99,0.00,38.12,35.56,37.97,32750400
20-Jul-99,0.00,37.62,35.44,35.53,24332400
19-Jul-99,0.00,38.12,36.88,37.38,25432400
16-Jul-99,0.00,38.88,37.47,37.56,20526800
15-Jul-99,0.00,40.44,38.25,38.61,24408800
14-Jul-99,0.00,40.38,39.22,39.86,36970000
13-Jul-99,0.00,39.50,36.25,39.23,47364800
12-Jul-99,0.00,39.94,37.50,37.56,47429600
9-Jul-99,0.00,41.75,39.88,40.00,28459600
8-Jul-99,0.00,43.81,40.50,41.11,67804400
7-Jul-99,0.00,43.25,41.25,41.77,67062800
6-Jul-99,0.00,47.31,43.12,43.78,62994000
2-Jul-99,0.00,44.72,43.12,44.53,29575200
1-Jul-99,0.00,44.97,42.95,44.31,46750800
30-Jun-99,0.00,44.59,39.45,43.06,59318000
29-Jun-99,0.00,41.08,38.25,40.00,45465600
28-Jun-99,0.00,39.12,35.00,39.12,38504000
25-Jun-99,0.00,38.47,36.25,36.72,21633200
24-Jun-99,0.00,38.92,36.75,37.75,28069200
23-Jun-99,0.00,39.12,36.56,38.88,42334400
22-Jun-99,0.00,41.53,37.62,38.12,50845200
21-Jun-99,0.00,40.12,37.00,39.72,49998000
18-Jun-99,0.00,36.38,35.12,36.11,17448800
17-Jun-99,0.00,37.48,34.31,35.56,48848400
16-Jun-99,0.00,35.88,31.30,35.41,59112800
15-Jun-99,0.00,32.41,29.47,31.31,50006400
14-Jun-99,0.00,33.72,29.50,29.81,50810800
11-Jun-99,0.00,36.62,33.56,33.81,25943600
10-Jun-99,0.00,36.97,35.19,36.19,20716000
9-Jun-99,0.00,37.30,35.77,36.59,23841200
8-Jun-99,0.00,38.38,35.63,35.83,27200800
7-Jun-99,0.00,39.44,36.06,37.97,36825200
4-Jun-99,0.00,36.94,33.70,36.86,36141600
3-Jun-99,0.00,36.12,33.38,33.84,30196000
2-Jun-99,0.00,37.25,32.53,35.62,45041200
1-Jun-99,0.00,37.50,33.77,34.55,31400800
28-May-99,0.00,37.06,32.88,37.00,28657200
27-May-99,0.00,35.41,33.22,33.34,30726800
26-May-99,0.00,35.31,30.12,35.22,52975600
25-May-99,0.00,35.28,31.66,31.73,37810400
24-May-99,0.00,37.56,33.97,34.47,30007200
21-May-99,0.00,38.33,37.19,37.83,14912400
20-May-99,0.00,39.78,37.75,37.88,10570000
19-May-99,0.00,40.28,38.81,39.56,16702000
18-May-99,0.00,40.38,38.83,39.20,18851200
17-May-99,0.00,40.69,37.52,40.45,26168000
14-May-99,0.00,40.44,38.25,39.34,23757600
13-May-99,0.00,43.38,39.97,40.09,18511600
12-May-99,0.00,43.38,41.22,42.48,22726400
11-May-99,0.00,43.83,40.22,43.50,42984800
10-May-99,0.00,39.20,36.88,38.92,25936400
7-May-99,0.00,39.38,36.25,36.86,27587600
6-May-99,0.00,40.62,37.50,37.97,23363200
5-May-99,0.00,40.53,37.22,40.33,39322800
4-May-99,0.00,42.56,39.50,39.81,25119600
3-May-99,0.00,43.31,40.25,40.64,20422800
30-Apr-99,0.00,45.50,42.00,43.67,14938400
29-Apr-99,0.00,43.88,41.16,43.75,25934800
28-Apr-99,0.00,46.23,42.75,43.38,18786800
27-Apr-99,0.00,49.39,45.38,46.12,20129200
26-Apr-99,0.00,48.62,46.81,48.06,13915600
23-Apr-99,0.00,48.03,45.12,46.92,19903200
22-Apr-99,0.00,46.25,43.86,46.00,25307200
21-Apr-99,0.00,45.00,42.50,43.72,24601200
20-Apr-99,0.00,43.50,38.75,42.75,42082800
19-Apr-99,0.00,47.75,40.31,40.92,42013600
16-Apr-99,0.00,49.25,46.27,47.30,23426400
15-Apr-99,0.00,50.02,43.00,48.66,45416400
14-Apr-99,0.00,52.00,47.38,47.75,25956000
13-Apr-99,0.00,54.09,50.50,50.75,29234400
12-Apr-99,0.00,51.52,48.22,50.73,39977200
9-Apr-99,0.00,52.75,50.50,51.75,24151600
8-Apr-99,0.00,53.38,49.23,51.67,56544400
7-Apr-99,0.00,57.75,50.75,52.11,69617600
6-Apr-99,0.00,61.00,52.50,53.72,99600
5-Apr-99,0.00,55.25,46.25,54.78,82052800
1-Apr-99,0.00,45.25,42.00,44.94,40504800
31-Mar-99,0.00,45.38,42.00,42.09,32187600
30-Mar-99,0.00,46.47,43.03,43.08,38019600
29-Mar-99,0.00,44.69,42.94,44.00,15764000
26-Mar-99,0.00,44.31,42.50,42.84,23160400
25-Mar-99,0.00,44.81,41.25,44.75,32557200
24-Mar-99,0.00,40.12,36.78,40.12,22805200
23-Mar-99,0.00,41.00,38.80,38.88,20626000
22-Mar-99,0.00,44.50,41.16,41.25,16258800
19-Mar-99,0.00,44.56,42.44,42.50,13999600
18-Mar-99,0.00,44.00,42.47,43.83,13022800
17-Mar-99,0.00,43.56,42.50,43.03,11562800
16-Mar-99,0.00,45.12,43.69,43.72,12136000
15-Mar-99,0.00,44.92,43.19,44.86,13907200
12-Mar-99,0.00,44.78,42.75,44.00,18828400
11-Mar-99,0.00,45.84,44.02,44.75,34745200
10-Mar-99,0.00,43.62,42.25,43.41,22300000
9-Mar-99,0.00,43.25,40.94,41.83,25655600
8-Mar-99,0.00,43.30,40.00,42.61,36341600
5-Mar-99,0.00,40.50,39.00,39.95,32070000
4-Mar-99,0.00,39.50,36.53,37.88,23268000
3-Mar-99,0.00,39.34,37.16,38.36,25215200
2-Mar-99,0.00,41.25,38.22,38.30,29655200
1-Mar-99,0.00,41.25,37.28,40.03,39219200
26-Feb-99,0.00,39.59,37.50,38.38,29360000
25-Feb-99,0.00,38.88,36.12,38.84,32932400
24-Feb-99,0.00,40.12,37.38,37.55,35772400
23-Feb-99,0.00,39.31,37.00,38.22,45360800
22-Feb-99,0.00,37.50,32.97,36.44,33567200
19-Feb-99,0.00,34.36,32.50,33.83,33794400
18-Feb-99,0.00,33.50,31.00,32.22,35262800
17-Feb-99,0.00,34.81,31.38,32.41,38656400
16-Feb-99,0.00,39.00,32.98,33.34,58349600
12-Feb-99,0.00,38.75,37.00,37.75,24872000
11-Feb-99,0.00,39.75,36.38,39.62,32804800
10-Feb-99,0.00,37.16,32.23,35.59,47984400
9-Feb-99,0.00,39.47,34.75,35.19,41688400
8-Feb-99,0.00,43.38,38.66,39.66,38325200
5-Feb-99,0.00,44.12,41.88,43.19,49096000
4-Feb-99,0.00,44.88,41.88,42.12,48589600
3-Feb-99,0.00,45.00,40.39,44.76,45029600
2-Feb-99,0.00,42.25,38.58,40.37,49292800
1-Feb-99,0.00,44.88,41.62,41.95,39826400
29-Jan-99,0.00,45.62,43.12,44.28,33796800
28-Jan-99,0.00,46.12,41.88,45.97,52440000
27-Jan-99,0.00,47.65,41.25,41.98,54040000
26-Jan-99,0.00,44.02,39.88,43.91,66214400
25-Jan-99,0.00,39.12,35.62,39.00,49068800
22-Jan-99,0.00,36.38,31.62,35.75,73046400
21-Jan-99,0.00,35.00,31.17,33.12,89160000
20-Jan-99,0.00,41.34,35.62,35.90,43306400
19-Jan-99,0.00,43.12,39.74,40.38,34664800
15-Jan-99,0.00,44.31,38.00,39.62,83922400
14-Jan-99,0.00,48.25,42.88,43.01,56681600
13-Jan-99,0.00,50.75,41.50,46.00,97031200
12-Jan-99,0.00,55.38,46.25,50.25,4245600
11-Jan-99,0.00,55.62,45.44,51.92,80184000
8-Jan-99,0.00,44.67,41.25,42.95,61517600
7-Jan-99,0.00,40.72,35.38,40.00,77152000
6-Jan-99,0.00,37.38,33.38,36.38,71486400
5-Jan-99,0.00,32.62,29.96,32.23,43928800
4-Jan-99,0.00,31.50,30.00,31.00,33869600
31-Dec-98,0.00,31.88,29.00,29.62,37536000
30-Dec-98,0.00,33.92,30.12,30.58,59121600
29-Dec-98,0.00,34.42,32.92,33.75,42989600
28-Dec-98,0.00,35.75,31.25,34.44,60468800
24-Dec-98,0.00,31.38,30.50,30.89,9348800
23-Dec-98,0.00,31.67,30.69,31.25,29902400
22-Dec-98,0.00,31.73,29.12,30.62,65153600
21-Dec-98,0.00,31.36,27.25,30.94,68783200
18-Dec-98,0.00,26.89,25.91,26.54,37685600
17-Dec-98,0.00,26.69,24.94,25.69,54034400
16-Dec-98,0.00,26.31,25.16,25.64,56024800
15-Dec-98,0.00,24.80,24.19,24.75,32500800
14-Dec-98,0.00,24.61,23.70,23.91,40105600
11-Dec-98,0.00,24.72,23.84,24.46,42617600
10-Dec-98,0.00,25.25,23.58,24.09,47945600
9-Dec-98,0.00,25.81,24.34,24.73,63288000
8-Dec-98,0.00,25.00,23.42,24.81,50765600
7-Dec-98,0.00,24.25,23.33,23.82,30447200
4-Dec-98,0.00,24.11,22.50,22.97,73386400
3-Dec-98,0.00,25.34,22.83,22.97,67600800
2-Dec-98,0.00,25.80,24.38,24.63,63236800
1-Dec-98,0.00,25.92,22.75,25.78,98654400
30-Nov-98,0.00,27.20,23.94,24.00,56421600
27-Nov-98,0.00,27.16,26.47,27.12,16614400
25-Nov-98,0.00,27.00,25.41,26.23,56679200
24-Nov-98,0.00,28.47,25.38,26.28,32288000
23-Nov-98,0.00,27.75,23.88,27.68,92061600
20-Nov-98,0.00,24.14,22.69,23.88,74551200
19-Nov-98,0.00,24.80,23.06,23.23,83255200
18-Nov-98,0.00,23.78,22.30,23.77,80076800
17-Nov-98,0.00,22.69,21.03,22.09,65892800
16-Nov-98,0.00,21.88,20.97,21.66,47350400
13-Nov-98,0.00,22.21,20.56,21.00,59304800
12-Nov-98,0.00,21.92,20.41,21.66,76834400
11-Nov-98,0.00,22.73,20.50,20.62,96408800
10-Nov-98,0.00,23.20,21.04,22.20,4125600
9-Nov-98,0.00,20.67,19.23,20.59,73947200
6-Nov-98,0.00,19.29,18.88,19.20,39164000
5-Nov-98,0.00,19.26,18.94,18.96,82430400
4-Nov-98,0.00,18.94,18.19,18.92,75336000
3-Nov-98,0.00,18.62,17.63,17.77,88573600
2-Nov-98,0.00,18.22,16.47,18.18,82687200
30-Oct-98,0.00,16.64,16.16,16.36,39628000
29-Oct-98,0.00,16.41,15.75,16.40,41452000
28-Oct-98,0.00,16.00,15.12,15.84,42372000
27-Oct-98,0.00,16.52,15.44,15.47,47275200
26-Oct-98,0.00,16.00,15.41,15.99,40876800
23-Oct-98,0.00,15.50,15.06,15.27,28099200
22-Oct-98,0.00,15.53,14.66,15.27,60411200
21-Oct-98,0.00,14.98,14.46,14.97,35046400
20-Oct-98,0.00,15.14,14.42,14.44,48166400
19-Oct-98,0.00,14.91,14.19,14.69,42297600
16-Oct-98,0.00,15.25,14.39,14.45,54725600
15-Oct-98,0.00,15.02,13.78,14.92,71306400
14-Oct-98,0.00,14.56,13.56,13.98,59591200
13-Oct-98,0.00,14.30,13.70,13.74,51857600
12-Oct-98,0.00,14.75,13.59,14.30,3245600
9-Oct-98,0.00,13.75,12.75,13.20,74279200
8-Oct-98,0.00,13.56,12.19,13.10,73008800
7-Oct-98,0.00,15.38,13.81,14.30,37673600
6-Oct-98,0.00,16.52,15.22,15.60,23470400
5-Oct-98,0.00,16.20,14.63,15.73,30292800
2-Oct-98,0.00,15.94,14.22,15.88,35590400
1-Oct-98,0.00,15.80,14.09,14.12,22902400
30-Sep-98,0.00,16.52,15.59,16.19,83716800
29-Sep-98,0.00,16.83,15.59,16.44,87657600
28-Sep-98,0.00,16.19,15.23,15.99,85032000
25-Sep-98,0.00,15.16,13.91,15.12,80078400
24-Sep-98,0.00,15.67,14.09,14.41,19574400
23-Sep-98,0.00,14.75,13.06,14.73,21779200
22-Sep-98,0.00,13.12,12.25,12.87,88182400
21-Sep-98,0.00,12.12,10.85,12.04,61913600
18-Sep-98,0.00,11.55,11.23,11.30,40141600
17-Sep-98,0.00,11.72,11.16,11.26,3433600
16-Sep-98,0.00,11.72,10.62,11.67,97717600
15-Sep-98,0.00,10.56,10.25,10.55,33930400
14-Sep-98,0.00,10.61,10.20,10.48,35406400
11-Sep-98,0.00,10.23,9.59,9.98,45369600
10-Sep-98,0.00,10.06,9.12,9.98,61205600
9-Sep-98,0.00,10.73,9.97,10.00,38270400
8-Sep-98,0.00,10.62,9.89,10.58,54993600
4-Sep-98,0.00,9.77,9.06,9.42,33694400
3-Sep-98,0.00,9.73,8.94,9.40,63706400
2-Sep-98,0.00,10.49,9.33,9.72,78280800
1-Sep-98,0.00,9.56,7.38,9.03,96476000
31-Aug-98,0.00,10.52,8.31,8.62,77042400
28-Aug-98,0.00,11.55,10.22,10.38,62079200
27-Aug-98,0.00,11.88,11.34,11.38,39109600
26-Aug-98,0.00,12.12,11.77,12.11,22070400
25-Aug-98,0.00,12.41,11.97,12.19,19356800
24-Aug-98,0.00,12.25,11.95,12.21,21888000
21-Aug-98,0.00,12.17,11.66,11.92,30939200
20-Aug-98,0.00,12.23,11.84,12.19,23880000
19-Aug-98,0.00,12.50,11.86,11.91,33244800
18-Aug-98,0.00,12.25,11.58,12.16,42214400
17-Aug-98,0.00,11.56,11.25,11.50,20256800
14-Aug-98,0.00,11.80,11.25,11.47,25372000
13-Aug-98,0.00,12.09,11.58,11.59,26801600
12-Aug-98,0.00,12.04,11.62,11.92,42176000
11-Aug-98,0.00,11.78,11.05,11.42,50844800
10-Aug-98,0.00,11.75,11.09,11.75,34917600
7-Aug-98,0.00,11.66,10.91,11.45,51663200
6-Aug-98,0.00,11.05,10.15,10.92,36946400
5-Aug-98,0.00,10.97,9.88,10.48,54135200
4-Aug-98,0.00,11.22,10.62,10.64,42102400
3-Aug-98,0.00,11.31,10.77,10.80,34780000
31-Jul-98,0.00,11.56,11.16,11.37,63755200
30-Jul-98,0.00,11.59,10.66,11.42,96512000
29-Jul-98,0.00,11.66,10.83,10.85,66656000
28-Jul-98,0.00,11.91,11.39,11.45,61777600
27-Jul-98,0.00,11.84,10.88,11.82,83524800
24-Jul-98,0.00,12.06,11.10,11.38,87747200
23-Jul-98,0.00,12.42,11.80,11.84,43633600
22-Jul-98,0.00,12.29,11.78,12.11,68052800
21-Jul-98,0.00,12.96,11.71,11.81,15267200
20-Jul-98,0.00,12.33,11.55,12.27,63939200
17-Jul-98,0.00,11.84,11.41,11.61,46384000
16-Jul-98,0.00,11.72,11.23,11.67,51995200
15-Jul-98,0.00,11.71,11.32,11.36,36636800
14-Jul-98,0.00,11.96,11.56,11.66,59254400
13-Jul-98,0.00,11.79,11.06,11.77,85763200
10-Jul-98,0.00,11.63,11.10,11.33,12900800
9-Jul-98,0.00,12.75,11.50,11.50,7544000
8-Jul-98,0.00,12.41,10.94,11.64,24835200
7-Jul-98,0.00,12.97,11.88,11.94,98380800
6-Jul-98,0.00,12.50,11.06,12.45,16737600
2-Jul-98,0.00,11.22,10.38,10.80,19252800
1-Jul-98,0.00,10.62,10.00,10.62,74065600
30-Jun-98,0.00,9.98,9.60,9.84,63260800
29-Jun-98,0.00,9.67,9.34,9.65,51121600
26-Jun-98,0.00,9.60,9.16,9.29,67873600
25-Jun-98,0.00,9.77,9.19,9.52,99208000
24-Jun-98,0.00,9.50,8.94,9.30,96168000
23-Jun-98,0.00,9.40,8.62,9.25,22502400
22-Jun-98,0.00,8.77,8.03,8.72,81326400
19-Jun-98,0.00,8.16,7.80,8.08,59110400
18-Jun-98,0.00,8.52,7.98,7.98,81772800
17-Jun-98,0.00,8.23,7.77,8.16,30657600
16-Jun-98,0.00,7.65,7.16,7.62,63780800
15-Jun-98,0.00,7.27,6.97,7.20,53963200
12-Jun-98,0.00,7.25,6.94,7.11,48425600
11-Jun-98,0.00,7.30,7.09,7.20,51329600
10-Jun-98,0.00,7.45,7.15,7.15,69064000
9-Jun-98,0.00,7.41,6.86,7.37,95710400
8-Jun-98,0.00,6.84,6.55,6.84,33300800
5-Jun-98,0.00,6.62,6.34,6.56,37105600
4-Jun-98,0.00,6.51,6.28,6.41,49841600
3-Jun-98,0.00,6.61,6.35,6.38,71617600
2-Jun-98,0.00,6.61,6.20,6.55,14208000
1-Jun-98,0.00,6.83,6.34,6.52,72801600
29-May-98,0.00,7.00,6.79,6.84,36240000
28-May-98,0.00,7.19,6.87,6.88,47606400
27-May-98,0.00,7.20,6.65,7.20,3491200
26-May-98,0.00,7.22,6.76,6.77,46491200
22-May-98,0.00,7.30,7.06,7.15,15729600
21-May-98,0.00,7.41,7.23,7.31,18377600
20-May-98,0.00,7.46,7.23,7.30,15969600
19-May-98,0.00,7.48,7.30,7.38,23678400
18-May-98,0.00,7.46,7.14,7.29,33620800
15-May-98,0.00,7.69,7.36,7.38,25552000
14-May-98,0.00,7.90,7.52,7.52,57985600
13-May-98,0.00,7.75,7.20,7.75,60171200
12-May-98,0.00,7.28,7.04,7.23,33731200
11-May-98,0.00,7.43,7.12,7.14,27598400
8-May-98,0.00,7.36,7.11,7.36,26449600
7-May-98,0.00,7.40,7.16,7.20,26628800
6-May-98,0.00,7.33,7.14,7.19,22564800
5-May-98,0.00,7.52,7.28,7.30,23500800
4-May-98,0.00,7.62,7.45,7.55,15745600
1-May-98,0.00,7.46,7.30,7.41,20518400
30-Apr-98,0.00,7.60,7.38,7.43,35814400
29-Apr-98,0.00,7.47,7.29,7.39,39008000
28-Apr-98,0.00,7.46,7.20,7.41,75331200
27-Apr-98,0.00,7.05,6.83,7.01,67828800
24-Apr-98,0.00,7.36,6.95,7.17,78505600
23-Apr-98,0.00,7.25,6.94,7.01,83051200
22-Apr-98,0.00,7.79,7.32,7.40,57531200
21-Apr-98,0.00,8.06,7.62,7.71,51110400
20-Apr-98,0.00,8.05,7.54,7.86,67028800
17-Apr-98,0.00,7.84,7.51,7.59,94000000
16-Apr-98,0.00,8.10,7.31,8.05,46947200
15-Apr-98,0.00,7.41,7.24,7.39,40611200
14-Apr-98,0.00,7.39,6.98,7.18,78102400
13-Apr-98,0.00,7.29,6.80,7.06,14086400
9-Apr-98,0.00,7.17,6.62,7.08,76787200
8-Apr-98,0.00,6.17,5.87,6.08,93374400
7-Apr-98,0.00,6.16,5.73,5.83,81924800
6-Apr-98,0.00,6.48,6.16,6.19,47131200
3-Apr-98,0.00,6.61,6.31,6.40,58576000
2-Apr-98,0.00,6.54,6.16,6.49,65084800
1-Apr-98,0.00,6.11,5.68,6.11,39156800
31-Mar-98,0.00,5.88,5.73,5.78,19216000
30-Mar-98,0.00,5.89,5.70,5.82,30832000
27-Mar-98,0.00,5.76,5.55,5.66,28928000
26-Mar-98,0.00,5.66,5.46,5.56,27884800
25-Mar-98,0.00,5.62,5.46,5.52,38195200
24-Mar-98,0.00,5.44,5.17,5.43,28342400
23-Mar-98,0.00,5.24,5.15,5.19,10816000
20-Mar-98,0.00,5.31,5.17,5.20,18057600
19-Mar-98,0.00,5.46,5.24,5.24,33745600
18-Mar-98,0.00,5.43,5.10,5.39,41611200
17-Mar-98,0.00,5.33,5.16,5.24,14350400
16-Mar-98,0.00,5.41,5.28,5.31,24950400
13-Mar-98,0.00,5.31,5.09,5.21,31489600
12-Mar-98,0.00,5.31,5.08,5.12,69801600
11-Mar-98,0.00,5.42,5.19,5.27,66187200
10-Mar-98,0.00,5.77,5.27,5.47,5235200
9-Mar-98,0.00,5.53,5.10,5.49,66268800
6-Mar-98,0.00,5.11,4.73,5.04,52171200
5-Mar-98,0.00,4.73,4.30,4.71,53192000
4-Mar-98,0.00,4.53,4.42,4.48,22894400
3-Mar-98,0.00,4.62,4.42,4.56,22214400
2-Mar-98,0.00,4.68,4.48,4.57,32520000
27-Feb-98,0.00,4.64,4.23,4.57,27200
26-Feb-98,0.00,4.28,3.86,4.26,39760000
25-Feb-98,0.00,3.89,3.80,3.86,20118400
24-Feb-98,0.00,3.99,3.82,3.85,14260800
23-Feb-98,0.00,4.04,3.93,3.96,11219200
20-Feb-98,0.00,4.05,3.85,4.01,12539200
19-Feb-98,0.00,4.10,3.95,4.00,13486400
18-Feb-98,0.00,4.05,3.91,3.97,11358400
17-Feb-98,0.00,4.06,3.97,4.02,11427200
13-Feb-98,0.00,4.17,4.02,4.05,13256000
12-Feb-98,0.00,4.08,3.98,4.07,9059200
11-Feb-98,0.00,4.11,4.00,4.07,11950400
10-Feb-98,0.00,4.09,3.94,4.04,20801600
9-Feb-98,0.00,4.08,3.94,3.99,16547200
6-Feb-98,0.00,4.04,3.85,4.02,14387200
5-Feb-98,0.00,4.05,3.85,3.89,18446400
4-Feb-98,0.00,4.04,3.95,3.98,13753600
3-Feb-98,0.00,4.13,3.99,4.05,33953600
2-Feb-98,0.00,4.12,3.99,4.12,24561600
30-Jan-98,0.00,4.03,3.83,3.96,32681600
29-Jan-98,0.00,3.89,3.60,3.87,33180800
28-Jan-98,0.00,3.79,3.61,3.63,29641600
27-Jan-98,0.00,3.83,3.75,3.75,15113600
26-Jan-98,0.00,3.91,3.72,3.74,10534400
23-Jan-98,0.00,3.93,3.82,3.86,10700800
22-Jan-98,0.00,4.00,3.89,3.89,11137600
21-Jan-98,0.00,4.03,3.93,3.99,18336000
20-Jan-98,0.00,4.08,3.94,4.03,35096000
16-Jan-98,0.00,4.22,4.06,4.08,18288000
15-Jan-98,0.00,4.17,4.00,4.08,27948800
14-Jan-98,0.00,4.24,4.12,4.19,26715200
13-Jan-98,0.00,4.27,4.04,4.11,52755200
12-Jan-98,0.00,4.01,3.69,3.91,38262400
9-Jan-98,0.00,4.08,3.80,3.87,30304000
8-Jan-98,0.00,4.12,3.92,4.02,21748800
7-Jan-98,0.00,4.05,3.91,3.99,15758400
6-Jan-98,0.00,4.07,3.83,4.00,28688000
5-Jan-98,0.00,4.09,3.91,3.93,26601600
2-Jan-98,0.00,4.34,4.06,4.14,17828800
31-Dec-97,0.00,4.43,4.32,4.33,15467200
30-Dec-97,0.00,4.44,4.25,4.44,16508800
29-Dec-97,0.00,4.31,4.15,4.31,15100800
26-Dec-97,0.00,4.15,4.02,4.13,9587200
24-Dec-97,0.00,4.12,4.03,4.03,6185600
23-Dec-97,0.00,4.24,3.98,4.07,22833600
22-Dec-97,0.00,4.09,3.87,4.03,23824000
19-Dec-97,0.00,3.94,3.52,3.87,29713600
18-Dec-97,0.00,3.72,3.58,3.63,12747200
17-Dec-97,0.00,3.84,3.72,3.72,10875200
16-Dec-97,0.00,3.78,3.57,3.77,13553600
15-Dec-97,0.00,3.77,3.53,3.62,14438400
12-Dec-97,0.00,3.75,3.56,3.72,14584000
11-Dec-97,0.00,3.68,3.52,3.66,17451200
10-Dec-97,0.00,3.71,3.56,3.68,14763200
9-Dec-97,0.00,3.81,3.62,3.71,27497600
8-Dec-97,0.00,3.73,3.48,3.73,30825600
5-Dec-97,0.00,3.52,3.29,3.52,25936000
4-Dec-97,0.00,3.44,3.34,3.36,10012800
3-Dec-97,0.00,3.39,3.24,3.37,9440000
2-Dec-97,0.00,3.43,3.25,3.31,15512000
1-Dec-97,0.00,3.40,3.20,3.38,16558400
28-Nov-97,0.00,3.22,3.17,3.20,2153600
26-Nov-97,0.00,3.27,3.14,3.18,8777600
25-Nov-97,0.00,3.23,3.00,3.18,29675200
24-Nov-97,0.00,3.28,3.01,3.03,20104000
21-Nov-97,0.00,3.41,3.23,3.30,12600000
20-Nov-97,0.00,3.38,3.18,3.35,24377600
19-Nov-97,0.00,3.23,3.10,3.16,13123200
18-Nov-97,0.00,3.39,3.21,3.23,22524800
17-Nov-97,0.00,3.30,3.10,3.25,25088000
14-Nov-97,0.00,3.07,2.88,2.99,24700800
13-Nov-97,0.00,2.91,2.62,2.86,29244800
12-Nov-97,0.00,2.96,2.68,2.72,25264000
11-Nov-97,0.00,3.09,2.84,2.88,20819200
10-Nov-97,0.00,3.19,3.00,3.04,13699200
7-Nov-97,0.00,3.23,3.05,3.09,23028800
6-Nov-97,0.00,3.48,3.27,3.30,29057600
5-Nov-97,0.00,3.41,3.18,3.35,39339200
4-Nov-97,0.00,3.21,2.78,3.19,25473600
3-Nov-97,0.00,2.91,2.80,2.88,13121600
31-Oct-97,0.00,2.77,2.66,2.74,14144000
30-Oct-97,0.00,2.70,2.45,2.61,17641600
29-Oct-97,0.00,2.89,2.52,2.58,30163200
28-Oct-97,0.00,2.92,2.13,2.74,50832000
27-Oct-97,0.00,2.94,2.38,2.38,35051200
24-Oct-97,0.00,3.23,2.91,2.97,15764800
23-Oct-97,0.00,3.23,3.08,3.16,15209600
22-Oct-97,0.00,3.34,3.16,3.31,14001600
21-Oct-97,0.00,3.21,3.10,3.20,13385600
20-Oct-97,0.00,3.08,2.93,3.05,20217600
17-Oct-97,0.00,3.06,2.84,3.03,24833600
16-Oct-97,0.00,3.32,3.02,3.04,21185600
15-Oct-97,0.00,3.23,3.14,3.22,11564800
14-Oct-97,0.00,3.29,3.09,3.19,14172800
13-Oct-97,0.00,3.33,3.14,3.20,18051200
10-Oct-97,0.00,3.47,3.30,3.30,18844800
9-Oct-97,0.00,3.52,3.42,3.47,33958400
8-Oct-97,0.00,3.62,3.50,3.55,32020800
7-Oct-97,0.00,3.63,3.45,3.48,15825600
6-Oct-97,0.00,3.66,3.45,3.64,15339200
3-Oct-97,0.00,3.52,3.36,3.45,19521600
2-Oct-97,0.00,3.44,3.13,3.44,22676800
1-Oct-97,0.00,3.28,3.13,3.20,14718400
30-Sep-97,0.00,3.16,3.11,3.13,3744000
29-Sep-97,0.00,3.19,3.09,3.17,6649600
26-Sep-97,0.00,3.23,3.12,3.14,10222400
25-Sep-97,0.00,3.25,3.05,3.13,14795200
24-Sep-97,0.00,3.32,3.18,3.22,12670400
23-Sep-97,0.00,3.44,3.13,3.17,14896000
22-Sep-97,0.00,3.46,3.25,3.35,17758400
19-Sep-97,0.00,3.29,3.08,3.21,24308800
18-Sep-97,0.00,3.14,3.02,3.11,12360000
17-Sep-97,0.00,3.24,2.96,3.05,20712000
16-Sep-97,0.00,3.20,2.83,3.20,37563200
15-Sep-97,0.00,3.36,3.00,3.01,31624000
12-Sep-97,0.00,3.62,3.30,3.37,22862400
11-Sep-97,0.00,3.55,3.28,3.47,33902400
10-Sep-97,0.00,3.38,3.15,3.33,23132800
9-Sep-97,0.00,3.15,3.00,3.15,17556800
8-Sep-97,0.00,3.07,2.92,2.95,21164800
5-Sep-97,0.00,2.86,2.62,2.84,16643200
4-Sep-97,0.00,2.65,2.54,2.61,9294400
3-Sep-97,0.00,2.62,2.49,2.54,11555200
2-Sep-97,0.00,2.55,2.45,2.49,10619200
29-Aug-97,0.00,2.50,2.34,2.48,13689600
28-Aug-97,0.00,2.38,2.23,2.34,24659208
27-Aug-97,0.00,2.35,2.28,2.33,11364792
26-Aug-97,0.00,2.37,2.31,2.33,6014400
25-Aug-97,0.00,2.39,2.33,2.37,10297608
22-Aug-97,0.00,2.34,2.21,2.32,12483192
21-Aug-97,0.00,2.41,2.30,2.32,10427208
20-Aug-97,0.00,2.41,2.26,2.35,19824000
19-Aug-97,0.00,2.33,2.19,2.30,20212800
18-Aug-97,0.00,2.19,2.01,2.18,18091200
15-Aug-97,0.00,2.07,2.02,2.02,9000000
14-Aug-97,0.00,2.13,2.06,2.07,5502408
13-Aug-97,0.00,2.19,2.07,2.10,18316800
12-Aug-97,0.00,2.26,2.11,2.12,10710408
11-Aug-97,0.00,2.25,2.16,2.22,18518400
8-Aug-97,0.00,2.28,2.14,2.25,13395192
7-Aug-97,0.00,2.34,2.24,2.24,8427192
6-Aug-97,0.00,2.33,2.25,2.29,7030392
5-Aug-97,0.00,2.31,2.22,2.27,11297592
4-Aug-97,0.00,2.28,2.21,2.23,12835200
1-Aug-97,0.00,2.33,2.23,2.30,19900800
31-Jul-97,0.00,2.36,2.18,2.36,33750408
30-Jul-97,0.00,2.29,2.07,2.28,47523192
29-Jul-97,0.00,2.01,1.96,2.01,4521600
28-Jul-97,0.00,2.04,1.98,1.98,3804792
25-Jul-97,0.00,2.01,1.93,2.00,9228792
24-Jul-97,0.00,2.06,1.95,1.98,15107208
23-Jul-97,0.00,2.12,2.05,2.05,7385592
22-Jul-97,0.00,2.13,2.01,2.10,11815992
21-Jul-97,0.00,2.08,1.96,2.07,11195208
18-Jul-97,0.00,2.02,1.87,1.95,12054408
17-Jul-97,0.00,2.05,1.94,1.95,12683208
16-Jul-97,0.00,2.14,2.04,2.05,11820792
15-Jul-97,0.00,2.12,1.99,2.11,33764808
14-Jul-97,0.00,2.02,1.83,2.02,24969600
11-Jul-97,0.00,1.88,1.76,1.83,15323208
10-Jul-97,0.00,1.92,1.74,1.79,44012808
9-Jul-97,0.00,1.88,1.70,1.83,37515192
8-Jul-97,0.00,1.67,1.57,1.66,17329608
7-Jul-97,0.00,1.57,1.41,1.57,14350392
3-Jul-97,0.00,1.44,1.40,1.40,4414392
2-Jul-97,0.00,1.44,1.40,1.41,5889600
1-Jul-97,0.00,1.47,1.41,1.42,3998400
30-Jun-97,0.00,1.48,1.35,1.47,14164800
27-Jun-97,0.00,1.54,1.43,1.44,8414400
26-Jun-97,0.00,1.53,1.49,1.51,5116800
25-Jun-97,0.00,1.60,1.54,1.55,6716808
24-Jun-97,0.00,1.58,1.51,1.55,6435192
23-Jun-97,0.00,1.61,1.50,1.54,17832000
20-Jun-97,0.00,1.64,1.45,1.64,22742400
19-Jun-97,0.00,1.47,1.41,1.45,5454408
18-Jun-97,0.00,1.47,1.41,1.42,8023992
17-Jun-97,0.00,1.46,1.41,1.46,5376000
16-Jun-97,0.00,1.47,1.35,1.45,15913608
13-Jun-97,0.00,1.38,1.33,1.34,3305592
12-Jun-97,0.00,1.34,1.30,1.33,5769600
11-Jun-97,0.00,1.35,1.29,1.29,17379192
10-Jun-97,0.00,1.38,1.33,1.35,5598408
9-Jun-97,0.00,1.42,1.33,1.36,6092808
6-Jun-97,0.00,1.38,1.31,1.33,6144000
5-Jun-97,0.00,1.36,1.33,1.35,2003208
4-Jun-97,0.00,1.38,1.30,1.31,2667192
3-Jun-97,0.00,1.39,1.33,1.35,2300808
2-Jun-97,0.00,1.40,1.35,1.38,3257592
30-May-97,0.00,1.40,1.29,1.34,9688008
29-May-97,0.00,1.35,1.30,1.33,5286408
28-May-97,0.00,1.39,1.30,1.33,5315208
27-May-97,0.00,1.35,1.29,1.32,2835192
23-May-97,0.00,1.33,1.30,1.31,2622408
22-May-97,0.00,1.39,1.29,1.31,5814408
21-May-97,0.00,1.42,1.34,1.38,14587200
20-May-97,0.00,1.35,1.32,1.35,6843192
19-May-97,0.00,1.35,1.31,1.34,6507192
16-May-97,0.00,1.35,1.27,1.33,12318408
15-May-97,0.00,1.30,1.26,1.30,11040000
14-May-97,0.00,1.32,1.25,1.26,14400000
13-May-97,0.00,1.37,1.25,1.27,25036800
12-May-97,0.00,1.42,1.33,1.37,9521592
9-May-97,0.00,1.45,1.40,1.41,9504000
8-May-97,0.00,1.48,1.41,1.42,7966392
7-May-97,0.00,1.45,1.35,1.40,16595208
6-May-97,0.00,1.48,1.33,1.37,19174392
5-May-97,0.00,1.54,1.46,1.50,16366392
2-May-97,0.00,1.48,1.41,1.46,13294392
1-May-97,0.00,1.44,1.36,1.42,9952008
30-Apr-97,0.00,1.44,1.31,1.42,23030400
29-Apr-97,0.00,1.33,1.28,1.32,20825592
28-Apr-97,0.00,1.37,1.25,1.31,12051192
25-Apr-97,0.00,1.28,1.26,1.26,6449592
24-Apr-97,0.00,1.31,1.24,1.27,17880000
23-Apr-97,0.00,1.31,1.15,1.30,13524792
22-Apr-97,0.00,1.17,1.03,1.14,27358392
21-Apr-97,0.00,1.29,1.12,1.18,12873600
18-Apr-97,0.00,1.39,1.28,1.29,10233600
17-Apr-97,0.00,1.40,1.30,1.35,10310400
16-Apr-97,0.00,1.35,1.27,1.31,16078392
15-Apr-97,0.00,1.42,1.29,1.31,14201592
14-Apr-97,0.00,1.43,1.35,1.37,10646400
11-Apr-97,0.00,1.44,1.29,1.43,21040008
10-Apr-97,0.00,1.46,1.31,1.36,34752000
9-Apr-97,0.00,1.50,1.43,1.44,25504008
8-Apr-97,0.00,1.41,1.33,1.39,10569600
7-Apr-97,0.00,1.43,1.32,1.40,23212800
4-Apr-97,0.00,1.35,1.21,1.32,17531208
3-Apr-97,0.00,1.28,1.17,1.22,9004800
2-Apr-97,0.00,1.25,1.19,1.25,7399992
1-Apr-97,0.00,1.23,1.16,1.23,6275208
31-Mar-97,0.00,1.20,1.13,1.17,5636808
27-Mar-97,0.00,1.25,1.18,1.19,7807992
26-Mar-97,0.00,1.25,1.15,1.24,10576008
25-Mar-97,0.00,1.26,1.13,1.17,10339200
24-Mar-97,0.00,1.25,1.14,1.20,14774400
21-Mar-97,0.00,1.28,1.10,1.20,27035208
20-Mar-97,0.00,1.23,1.13,1.21,29716800
19-Mar-97,0.00,1.06,0.94,1.03,21155208
18-Mar-97,0.00,1.01,0.92,0.94,11494392
17-Mar-97,0.00,1.10,0.94,0.96,24918408
14-Mar-97,0.00,1.06,0.93,1.05,11521608
13-Mar-97,0.00,1.07,0.95,0.95,13534392
12-Mar-97,0.00,1.12,1.04,1.07,7955208
11-Mar-97,0.00,1.14,1.08,1.08,7015992
10-Mar-97,0.00,1.14,1.10,1.11,3511992
7-Mar-97,0.00,1.14,1.09,1.14,6216000
6-Mar-97,0.00,1.14,1.06,1.09,12785592
5-Mar-97,0.00,1.20,1.11,1.13,12084792
4-Mar-97,0.00,1.26,1.19,1.20,7505592
3-Mar-97,0.00,1.33,1.24,1.25,10771200
28-Feb-97,0.00,1.29,1.24,1.26,8808000
27-Feb-97,0.00,1.32,1.27,1.27,4940808
26-Feb-97,0.00,1.35,1.28,1.30,12094392
25-Feb-97,0.00,1.42,1.29,1.35,13728000
24-Feb-97,0.00,1.38,1.27,1.27,9980808
21-Feb-97,0.00,1.34,1.28,1.30,6302400
20-Feb-97,0.00,1.38,1.30,1.33,7255992
19-Feb-97,0.00,1.42,1.34,1.38,9550392
18-Feb-97,0.00,1.44,1.32,1.42,10700808
14-Feb-97,0.00,1.49,1.39,1.43,10550400
13-Feb-97,0.00,1.51,1.44,1.50,17502408
12-Feb-97,0.00,1.51,1.31,1.49,28468800
11-Feb-97,0.00,1.31,1.22,1.31,12684792
10-Feb-97,0.00,1.27,1.20,1.21,9267192
7-Feb-97,0.00,1.32,1.24,1.26,18766392
6-Feb-97,0.00,1.42,1.33,1.34,11475192
5-Feb-97,0.00,1.46,1.38,1.41,7423992
4-Feb-97,0.00,1.51,1.42,1.44,13680000
3-Feb-97,0.00,1.46,1.40,1.45,16035192
31-Jan-97,0.00,1.46,1.41,1.41,6900792
30-Jan-97,0.00,1.47,1.35,1.42,21396792
29-Jan-97,0.00,1.41,1.33,1.40,17710392
28-Jan-97,0.00,1.53,1.32,1.36,27300792
27-Jan-97,0.00,1.56,1.38,1.52,41537592
24-Jan-97,0.00,1.46,1.33,1.38,28084800
23-Jan-97,0.00,1.47,1.34,1.47,28015992
22-Jan-97,0.00,1.39,1.29,1.33,29795208
21-Jan-97,0.00,1.34,1.19,1.33,30414408
20-Jan-97,0.00,1.30,1.10,1.23,36227208
17-Jan-97,0.00,1.12,1.04,1.11,24376008
16-Jan-97,0.00,1.13,1.03,1.09,20257608
15-Jan-97,0.00,1.08,0.95,1.06,50612808
14-Jan-97,0.00,0.91,0.87,0.87,5372808
13-Jan-97,0.00,0.92,0.82,0.91,18156792
10-Jan-97,0.00,0.80,0.79,0.80,2575992
9-Jan-97,0.00,0.82,0.79,0.81,4905600
8-Jan-97,0.00,0.85,0.78,0.79,2924808
7-Jan-97,0.00,0.85,0.81,0.84,5006400
6-Jan-97,0.00,0.83,0.79,0.83,6636792
3-Jan-97,0.00,0.78,0.73,0.77,2180808
2-Jan-97,0.00,0.73,0.70,0.73,2579208
31-Dec-96,0.00,0.73,0.70,0.71,3921600
30-Dec-96,0.00,0.76,0.74,0.75,1396800
27-Dec-96,0.00,0.78,0.75,0.76,1806408
26-Dec-96,0.00,0.76,0.75,0.75,1513608
24-Dec-96,0.00,0.76,0.74,0.76,715200
23-Dec-96,0.00,0.77,0.72,0.75,3617592
20-Dec-96,0.00,0.76,0.71,0.71,4924800
19-Dec-96,0.00,0.78,0.75,0.75,2047992
18-Dec-96,0.00,0.81,0.75,0.77,5492808
17-Dec-96,0.00,0.78,0.75,0.76,1731192
16-Dec-96,0.00,0.84,0.78,0.78,1884792
13-Dec-96,0.00,0.84,0.81,0.83,1353600
12-Dec-96,0.00,0.84,0.79,0.83,2849592
11-Dec-96,0.00,0.83,0.80,0.81,2590392
10-Dec-96,0.00,0.89,0.84,0.84,2521608
9-Dec-96,0.00,0.89,0.84,0.89,3825600
6-Dec-96,0.00,0.91,0.83,0.85,5593608
5-Dec-96,0.00,0.92,0.82,0.89,8187192
4-Dec-96,0.00,0.85,0.82,0.82,1633608
3-Dec-96,0.00,0.86,0.78,0.83,9115200
2-Dec-96,0.00,0.80,0.78,0.79,1081608
29-Nov-96,0.00,0.80,0.77,0.80,803208
27-Nov-96,0.00,0.79,0.77,0.77,1057608
26-Nov-96,0.00,0.82,0.79,0.79,3417600
25-Nov-96,0.00,0.80,0.72,0.80,6731208
22-Nov-96,0.00,0.73,0.72,0.73,1124808
21-Nov-96,0.00,0.74,0.72,0.72,1588800
20-Nov-96,0.00,0.76,0.73,0.74,1022400
19-Nov-96,0.00,0.76,0.74,0.75,2137608
18-Nov-96,0.00,0.77,0.75,0.76,1729608
15-Nov-96,0.00,0.78,0.76,0.77,1192008
14-Nov-96,0.00,0.79,0.76,0.76,1681608
13-Nov-96,0.00,0.82,0.78,0.79,1340808
12-Nov-96,0.00,0.84,0.82,0.82,712008
11-Nov-96,0.00,0.84,0.81,0.84,2348808
8-Nov-96,0.00,0.81,0.76,0.81,2177592
7-Nov-96,0.00,0.77,0.75,0.76,932808
6-Nov-96,0.00,0.77,0.75,0.75,1654392
5-Nov-96,0.00,0.80,0.73,0.76,2982408
4-Nov-96,0.00,0.82,0.79,0.79,995208
1-Nov-96,0.00,0.82,0.81,0.81,340800
31-Oct-96,0.00,0.84,0.81,0.82,1644792
30-Oct-96,0.00,0.86,0.84,0.84,969600
29-Oct-96,0.00,0.87,0.85,0.85,625608
28-Oct-96,0.00,0.87,0.85,0.86,558408
25-Oct-96,0.00,0.88,0.85,0.85,1984008
24-Oct-96,0.00,0.88,0.87,0.87,1244808
23-Oct-96,0.00,0.90,0.88,0.88,1492800
22-Oct-96,0.00,0.92,0.89,0.89,1868808
21-Oct-96,0.00,0.93,0.91,0.91,2230392
18-Oct-96,0.00,0.93,0.91,0.92,2580792
17-Oct-96,0.00,0.92,0.88,0.92,3502392
16-Oct-96,0.00,0.90,0.88,0.88,2700792
15-Oct-96,0.00,0.91,0.88,0.90,3883200
14-Oct-96,0.00,0.90,0.86,0.90,6449592
11-Oct-96,0.00,0.87,0.85,0.86,2382408
10-Oct-96,0.00,0.95,0.85,0.85,8668800
9-Oct-96,0.00,0.94,0.87,0.94,2364792
8-Oct-96,0.00,0.94,0.87,0.87,2297592
7-Oct-96,0.00,0.94,0.92,0.93,715200
4-Oct-96,0.00,0.97,0.92,0.92,2046408
3-Oct-96,0.00,0.98,0.92,0.94,4323192
2-Oct-96,0.00,0.94,0.85,0.91,5824008
1-Oct-96,0.00,0.89,0.80,0.82,4104000
30-Sep-96,0.00,0.91,0.89,0.89,849600
27-Sep-96,0.00,0.92,0.90,0.91,688008
26-Sep-96,0.00,0.92,0.90,0.91,1067208
25-Sep-96,0.00,0.94,0.90,0.91,2038392
24-Sep-96,0.00,1.00,0.94,0.95,3772800
23-Sep-96,0.00,1.03,0.99,0.99,5329608
20-Sep-96,0.00,1.00,0.89,1.00,7457592
19-Sep-96,0.00,0.90,0.85,0.90,1759992
18-Sep-96,0.00,0.90,0.85,0.87,1975992
17-Sep-96,0.00,0.90,0.87,0.90,2665608
16-Sep-96,0.00,0.88,0.85,0.86,1382400
13-Sep-96,0.00,0.87,0.82,0.86,3193608
12-Sep-96,0.00,0.81,0.78,0.81,1374408
11-Sep-96,0.00,0.79,0.77,0.79,1267200
10-Sep-96,0.00,0.80,0.77,0.77,907200
9-Sep-96,0.00,0.79,0.76,0.78,835200
6-Sep-96,0.00,0.78,0.76,0.77,753600
5-Sep-96,0.00,0.78,0.77,0.77,148800
4-Sep-96,0.00,0.80,0.78,0.79,528000
3-Sep-96,0.00,0.81,0.78,0.79,1012800
30-Aug-96,0.00,0.84,0.81,0.82,913608
29-Aug-96,0.00,0.88,0.82,0.82,1985592
28-Aug-96,0.00,0.92,0.84,0.88,5190408
27-Aug-96,0.00,0.85,0.82,0.84,1897608
26-Aug-96,0.00,0.84,0.82,0.82,388800
23-Aug-96,0.00,0.84,0.82,0.82,1024008
22-Aug-96,0.00,0.83,0.76,0.83,1921608
21-Aug-96,0.00,0.80,0.76,0.78,688008
20-Aug-96,0.00,0.82,0.80,0.80,494400
19-Aug-96,0.00,0.82,0.81,0.82,428808
16-Aug-96,0.00,0.83,0.80,0.81,864000
15-Aug-96,0.00,0.85,0.82,0.83,1177608
14-Aug-96,0.00,0.86,0.83,0.85,4849608
13-Aug-96,0.00,0.85,0.71,0.83,10459200
12-Aug-96,0.00,0.73,0.71,0.72,864000
9-Aug-96,0.00,0.74,0.69,0.74,1831992
8-Aug-96,0.00,0.77,0.74,0.77,1748808
7-Aug-96,0.00,0.76,0.74,0.75,971208
6-Aug-96,0.00,0.80,0.76,0.76,817608
5-Aug-96,0.00,0.81,0.79,0.79,510408
2-Aug-96,0.00,0.80,0.77,0.79,1168008
1-Aug-96,0.00,0.79,0.73,0.79,1388808
31-Jul-96,0.00,0.75,0.71,0.75,931200
30-Jul-96,0.00,0.73,0.68,0.71,686400
29-Jul-96,0.00,0.69,0.67,0.67,371208
26-Jul-96,0.00,0.69,0.66,0.69,600000
25-Jul-96,0.00,0.70,0.66,0.68,1283208
24-Jul-96,0.00,0.68,0.65,0.66,888000
23-Jul-96,0.00,0.75,0.68,0.68,1879992
22-Jul-96,0.00,0.79,0.73,0.75,1132800
19-Jul-96,0.00,0.83,0.78,0.79,1235208
18-Jul-96,0.00,0.83,0.78,0.80,1606392
17-Jul-96,0.00,0.80,0.74,0.80,1849608
16-Jul-96,0.00,0.77,0.72,0.75,3859200
15-Jul-96,0.00,0.77,0.73,0.75,1899192
12-Jul-96,0.00,0.75,0.71,0.73,1696008
11-Jul-96,0.00,0.72,0.65,0.72,3508800
10-Jul-96,0.00,0.78,0.67,0.68,5896008
9-Jul-96,0.00,0.83,0.77,0.77,1772808
8-Jul-96,0.00,0.83,0.80,0.83,1211208
5-Jul-96,0.00,0.86,0.82,0.83,748800
3-Jul-96,0.00,0.91,0.85,0.88,1384008
2-Jul-96,0.00,0.93,0.89,0.89,984000
1-Jul-96,0.00,0.93,0.85,0.91,2286408
28-Jun-96,0.00,0.88,0.79,0.88,4065600
27-Jun-96,0.00,0.92,0.76,0.76,7388808
26-Jun-96,0.00,0.92,0.87,0.88,1488000
25-Jun-96,0.00,0.93,0.90,0.91,993600
24-Jun-96,0.00,0.93,0.91,0.91,633600
21-Jun-96,0.00,0.95,0.91,0.93,2542392
20-Jun-96,0.00,0.91,0.85,0.91,2958408
19-Jun-96,0.00,0.90,0.85,0.87,4032000
18-Jun-96,0.00,0.93,0.85,0.85,5563200
17-Jun-96,0.00,1.04,0.94,0.96,3247992
14-Jun-96,0.00,1.06,1.03,1.03,2046408
13-Jun-96,0.00,1.09,1.02,1.06,5665608
12-Jun-96,0.00,1.12,1.07,1.08,2608008
11-Jun-96,0.00,1.10,1.06,1.06,4241592
10-Jun-96,0.00,1.12,1.09,1.10,1849608
7-Jun-96,0.00,1.14,1.10,1.12,3456000
6-Jun-96,0.00,1.20,1.15,1.16,3871992
5-Jun-96,0.00,1.15,1.13,1.13,1166400
4-Jun-96,0.00,1.17,1.13,1.13,2468808
3-Jun-96,0.00,1.17,1.14,1.14,1142400
31-May-96,0.00,1.20,1.14,1.17,1734408
30-May-96,0.00,1.21,1.15,1.18,3036792
29-May-96,0.00,1.20,1.13,1.15,3724800
28-May-96,0.00,1.24,1.19,1.21,2224008
24-May-96,0.00,1.25,1.20,1.23,2489592
23-May-96,0.00,1.23,1.15,1.23,2916792
22-May-96,0.00,1.17,1.13,1.15,2561592
21-May-96,0.00,1.21,1.16,1.17,4046400
20-May-96,0.00,1.27,1.21,1.21,4255992
17-May-96,0.00,1.27,1.24,1.25,2446392
16-May-96,0.00,1.27,1.24,1.26,3388800
15-May-96,0.00,1.28,1.24,1.26,2200008
14-May-96,0.00,1.29,1.23,1.23,4001592
13-May-96,0.00,1.31,1.25,1.26,2747208
10-May-96,0.00,1.32,1.27,1.30,5872008
9-May-96,0.00,1.28,1.24,1.28,4030392
8-May-96,0.00,1.28,1.21,1.26,6284808
7-May-96,0.00,1.28,1.24,1.27,5568000
6-May-96,0.00,1.35,1.22,1.26,8211192
3-May-96,0.00,1.35,1.30,1.33,6115200
2-May-96,0.00,1.39,1.31,1.37,9726408
1-May-96,0.00,1.32,1.25,1.32,4878408
30-Apr-96,0.00,1.31,1.23,1.24,5001600
29-Apr-96,0.00,1.33,1.27,1.29,5924808
26-Apr-96,0.00,1.34,1.30,1.32,7558392
25-Apr-96,0.00,1.34,1.21,1.30,19468800
24-Apr-96,0.00,1.21,1.16,1.21,7792008
23-Apr-96,0.00,1.21,1.17,1.17,4296000
22-Apr-96,0.00,1.21,1.15,1.18,8038392
19-Apr-96,0.00,1.28,1.20,1.20,12907200
18-Apr-96,0.00,1.26,1.17,1.22,27254400
17-Apr-96,0.00,1.18,1.03,1.13,42843192
16-Apr-96,0.00,1.34,1.17,1.20,47993592
15-Apr-96,0.00,1.50,1.25,1.34,79179192
12-Apr-96,0.00,1.79,1.02,1.38,8654400
